snapshot_date,item_id,card_name,title,price_usd,format,bids,first_seen,url
2026-09-27,318895493121,[no-match],PSA 10 2026 Riftbound Akali Rogue Assassin Signature Foil Legend #189/166 Opens in a new window or tab,7000.0,auction,0,2026-09-21,https://www.ebay.com/itm/318895493121
2026-09-27,287596125028,[no-match],Riftbound LoL Nasus Curator Of The Sands Ven 192* Signature Overnumber PSA 10 Opens in a new window or tab,900.0,auction,29,2026-09-21,https://www.ebay.com/itm/287596125028
2026-09-27,128082935139,SFD-235 Yasuo Windrider,2026 Riftbound Spiritforged Yasuo Signature Overnumber PSA 10 GEM MINT Opens in a new window or tab,900.0,auction,26,2026-09-18,https://www.ebay.com/itm/128082935139
2026-09-27,128082935189,SFD-230 Teemo Strategist,2026 Riftbound Spiritforged Teemo Signature Overnumber PSA 10 GEM MINT Opens in a new window or tab,2025.0,auction,34,2026-09-18,https://www.ebay.com/itm/128082935189
2026-09-27,377500427060,SFD-233 Yone Blademaster,2026 Riftbound Spiritforged Yone Signature Overnumber PSA 10 GEM MINT Opens in a new window or tab,937.0,auction,31,2026-09-18,https://www.ebay.com/itm/377500427060
2026-09-27,377500435003,SFD-223 Vayne Hunter,2026 Riftbound Spiritforged Vayne Signature Overnumber PSA 10 GEM MINT Opens in a new window or tab,1725.0,auction,43,2026-09-18,https://www.ebay.com/itm/377500435003
2026-09-27,287596124975,[no-match],Riftbound LoL Zed Master Of Shadows Ven 191* Signature Overnumber PSA 10 Opens in a new window or tab,1275.0,auction,14,2026-09-21,https://www.ebay.com/itm/287596124975
2026-09-27,287594621165,UNL-226 Jhin Virtuoso,Riftbound League Of Legends Jhin Virtuoso 226* Signature Overnumber PSA 10 Opens in a new window or tab,810.0,auction,9,2026-09-21,https://www.ebay.com/itm/287594621165
2026-09-27,287594621419,OGN-307 Teemo Swift Scout,Riftbound League Of Legends Teemo Swift Scout 307* Signature Overnumber PSA 10 Opens in a new window or tab,5750.0,auction,29,2026-09-21,https://www.ebay.com/itm/287594621419
2026-09-27,307186756563,UNL-235 Leblanc Deceiver,2026 RIFTBOUND: LEAGUE OF LEGENDS UNL SIGNATURE OVERNUMBER #235* LEBLANC PSA 10 Opens in a new window or tab,1825.0,auction,16,2026-09-21,https://www.ebay.com/itm/307186756563
2026-09-27,117418910420,SFD-223 Vayne Hunter,2026 RIFTBOUND LOL SPIRITFORGED SIGNATURE OVERNUMBER #223* VAYNE - HUNTER PSA 10 Opens in a new window or tab,1250.0,auction,11,2026-09-21,https://www.ebay.com/itm/117418910420
2026-09-27,117420282047,OGN-301 Jinx Loose Cannon,2025 RIFTBOUND: LEAGUE OF LEGENDS SIGNATURE OVERNUMBER JINX LOOSE CANNON PSA 10 Opens in a new window or tab,910.0,auction,6,2026-09-21,https://www.ebay.com/itm/117420282047
2026-09-27,307186756461,[no-match],2026 RIFTBOUND: LEAGUE OF LEGENDS VENDETTA SIGNATURE OVERNUMBER AKALI PSA 10 Opens in a new window or tab,5000.0,auction,0,2026-09-21,https://www.ebay.com/itm/307186756461
2026-09-27,307186777586,[no-match],2026 RIFTBOUND: LEAGUE OF LEGENDS VEN-SIGNATURE OVERNUMBER ZED PSA 10 Opens in a new window or tab,125.0,auction,13,2026-09-21,https://www.ebay.com/itm/307186777586
2026-09-27,128082951092,SFD-236 Darius Executioner,2026 Riftbound Spiritforged Darius Signature Overnumber PSA 10 GEM MINT Opens in a new window or tab,680.0,auction,14,2026-09-18,https://www.ebay.com/itm/128082951092
2026-09-27,147587725514,SFD-239 Soraka Wanderer,RIFTBOUND PSA 10 SORAKA SIGNATURE OVERNUMBER SPIRITFORGED SFD Opens in a new window or tab,855.0,auction,7,2026-09-21,https://www.ebay.com/itm/147587725514
2026-09-27,278368628992,SFD-224 Aphelios Exalted,Aphelios - Exalted 224* Signature Overnumber Riftbound PSA 10 *695 Opens in a new window or tab,835.0,auction,14,2026-09-18,https://www.ebay.com/itm/278368628992
2026-09-27,287588566076,OGN-307 Teemo Swift Scout,Teemo - Swift Scout 307* Signature Overnumber Riftbound PSA 10 *750 Opens in a new window or tab,3250.0,auction,39,2026-09-18,https://www.ebay.com/itm/287588566076
2026-09-27,377518121892,SFD-237 Karma Channeler,2025 Riftbound Spiritforged Chinese Karma Signature Overnumber #237* PSA 10 Opens in a new window or tab,5.5,auction,3,2026-09-24,https://www.ebay.com/itm/377518121892
2026-09-27,377518081439,UNL-230 Lillia Bashful Bloom,2026 Riftbound Unleashed Lillia Signature Overnumber #230*/219 PSA 10 GEM MINT Opens in a new window or tab,22.5,auction,9,2026-09-24,https://www.ebay.com/itm/377518081439
2026-09-27,318902034682,[no-match],Riftbound Zed Master Of Shadows Overnumber Signature PSA 10 Opens in a new window or tab,2350.0,auction,0,2026-09-25,https://www.ebay.com/itm/318902034682
2026-09-27,377520510454,SFD-237 Karma Channeler,2025 Riftbound Spiritforged Karma Signature Overnumber #237* PSA 10 GEM MINT Gem Opens in a new window or tab,455.0,auction,24,2026-09-25,https://www.ebay.com/itm/377520510454
2026-09-27,298696798504,[no-match],2026 RIFTBOUND: LEAGUE OF LEGENDS VEN-VENDETTA SIGNATURE OVERNUMBER SHEN PSA 10 Opens in a new window or tab,560.0,auction,16,2026-09-23,https://www.ebay.com/itm/298696798504
2026-09-27,307191006573,SFD-224 Aphelios Exalted,2026 RIFTBOUND: LEAGUE OF LEGENDS SFD-SIGNATURE OVERNUMBER APHELIOS PSA 10 Opens in a new window or tab,255.0,auction,4,2026-09-23,https://www.ebay.com/itm/307191006573
2026-09-27,307191211658,SFD-237 Karma Channeler,2026 RIFTBOUND: LEAGUE OF LEGENDS SFD-SIGNATURE OVERNUMBER KARMA PSA 10 Opens in a new window or tab,202.5,auction,5,2026-09-23,https://www.ebay.com/itm/307191211658
2026-09-27,298695813900,SFD-235 Yasuo Windrider,2026 RIFTBOUND: LEAGUE OF LEGENDS SPIRITFORGED SIGNATURE OVERNUMBER YASUO PSA 10 Opens in a new window or tab,142.5,auction,6,2026-09-23,https://www.ebay.com/itm/298695813900
2026-09-27,298695064045,[no-match],2026 RIFTBOUND: LEAGUE OF LEGENDS VENDETTA SIGNATURE OVERNUMBER ZED PSA 10 Opens in a new window or tab,315.0,auction,5,2026-09-23,https://www.ebay.com/itm/298695064045
2026-09-27,298695849990,[no-match],2026 RIFTBOUND: LEAGUE OF LEGENDS VENDETTA SIGNATURE OVERNUMBER AKALI  PSA 10 Opens in a new window or tab,2859.0,auction,32,2026-09-23,https://www.ebay.com/itm/298695849990
2026-09-27,298695849996,SFD-228 Bard Mercurial,2026 RIFTBOUND: LEAGUE OF LEGENDS SPIRITFORGED SIGNATURE OVERNUMBER BARD PSA 10 Opens in a new window or tab,12.5,auction,5,2026-09-23,https://www.ebay.com/itm/298695849996
2026-09-27,307191333610,SFD-228 Bard Mercurial,2026 RIFTBOUND: LEAGUE OF LEGENDS SFD-SIGNATURE OVERNUMBER #228* BARD PSA 10 Opens in a new window or tab,102.5,auction,3,2026-09-23,https://www.ebay.com/itm/307191333610
2026-09-27,298695612276,OGN-309 Miss Fortune Bounty Hunter,2025 RIFTBOUND: LEAGUE OF LEGENDS SIGNATURE OVERNUMBER MISS FORTUNE PSA 10 Opens in a new window or tab,2000.0,auction,12,2026-09-23,https://www.ebay.com/itm/298695612276
2026-09-27,298695356228,SFD-224 Aphelios Exalted,2026 RIFTBOUND: LEAGUE OF LEGENDS SIGNATURE OVERNUMBER APHELIOS PSA 10 Opens in a new window or tab,495.0,auction,8,2026-09-23,https://www.ebay.com/itm/298695356228
2026-09-27,307191346016,UNL-234 Diana Scorn of the Moon,2026 RIFTBOUND: LEAGUE OF LEGENDS UNLEASHED SIGNATURE OVERNUMBER DIANA PSA 10 Opens in a new window or tab,2175.0,auction,19,2026-09-23,https://www.ebay.com/itm/307191346016
2026-09-27,366685484742,SFD-239 Soraka Wanderer,2026 RIFTBOUND: SFD-SPIRITFORGED #239* SORAKA SIGNATURE OVERNUMBER PSA 10 Opens in a new window or tab,835.0,auction,5,2026-09-23,https://www.ebay.com/itm/366685484742
2026-09-27,800706337383,OGN-304 Lee Sin Blind Monk,RIFTBOUND: LOL LEE SIN 2025 OGN-ORIGINS #304* SIGNATURE OVERNUMBER PSA 10 Opens in a new window or tab,1550.0,auction,18,2026-09-24,https://www.ebay.com/itm/800706337383
2026-09-27,117426186431,SFD-233 Yone Blademaster,2026 RIFTBOUND: LEAGUE OF LEGENDS SPIRITFORGED SIGNATURE OVERNUMBER YONE PSA 10 Opens in a new window or tab,699.99,auction,1,2026-09-24,https://www.ebay.com/itm/117426186431
2026-09-27,298699237944,[no-match],2026 RIFTBOUND: SERIALIZED SIGNATURE GALIO INDEFATIGABLE 1308/2025 PSA 10 Opens in a new window or tab,13100.0,auction,14,2026-09-24,https://www.ebay.com/itm/298699237944
2026-09-27,298683530375,UNL-229 Vi Piltover Enforcer,2026 RIFTBOUND LOL UNLEASHED SIGNATURE OVERNUMBER VI - PILTOVER ENFORCER PSA 10 Opens in a new window or tab,202.5,auction,6,2026-09-24,https://www.ebay.com/itm/298683530375
2026-09-27,800705753791,SFD-230 Teemo Strategist,RIFTBOUND: LOL TEEMO 2026 SFD-SPIRITFORGED #230* SIGNATURE OVERNUMBER PSA 10 Opens in a new window or tab,510.0,auction,12,2026-09-24,https://www.ebay.com/itm/800705753791
2026-09-27,800705933556,SFD-239 Soraka Wanderer,RIFTBOUND: LEAGUE OF LEGENDS SORAKA 2026 SFD #239 SIGNATURE OVERNUMBER PSA 10 Opens in a new window or tab,102.5,auction,3,2026-09-24,https://www.ebay.com/itm/800705933556
2026-09-27,800706042123,OGN-303 Ahri Nine-Tailed Fox,RIFTBOUND: LOL AHRI 2025 S.CH OGN-ORIGINS #303*SIGNATURE OVERNUMBER PSA 10 Opens in a new window or tab,105.0,auction,8,2026-09-24,https://www.ebay.com/itm/800706042123
2026-09-27,398425966774,SFD-232 Sett Brawler,2026 Riftbound SFD EN 232*/221 - Sett - Signature Overnumber - PSA 10 Opens in a new window or tab,1650.0,auction,0,2026-09-24,https://www.ebay.com/itm/398425966774
2026-09-27,188990242309,SFD-230 Teemo Strategist,Riftbound 2026 SFD Teemo Strategist Signature Overnumbered 230*/221 PSA 10 Opens in a new window or tab,1999.0,auction,0,2026-09-27,https://www.ebay.com/itm/188990242309
2026-09-27,128100222554,[no-match],2026 Riftbound League Of Legends Ambessa Signature Overnumber #196 PSA 10 Opens in a new window or tab,6.5,auction,3,2026-09-27,https://www.ebay.com/itm/128100222554
2026-09-27,128100315366,OGN-303 Ahri Nine-Tailed Fox,RIFTBOUND: LOL AHRI 2025 S.CH OGN-ORIGINS #303*SIGNATURE OVERNUMBER PSA 10 Opens in a new window or tab,5.5,auction,2,2026-09-27,https://www.ebay.com/itm/128100315366
2026-09-27,298701573090,OGN-306 Leona Radiant Dawn,2025 RIFTBOUND LEAGUE OF LEGENDS ORIGINS SIGNATURE OVERNUMBER #306* LEONA PSA 10 Opens in a new window or tab,610.0,auction,10,2026-09-25,https://www.ebay.com/itm/298701573090
2026-09-27,307195524100,[no-match],2026 RIFTBOUND LEAGUE OF LEGENDS T1 SERIALIZED SIGNATURE AMBESSA 640/2025 PSA 10 Opens in a new window or tab,1350.0,auction,20,2026-09-25,https://www.ebay.com/itm/307195524100
2026-09-27,298701681566,[no-match],2026 RIFTBOUND LOL VENDETTA SIGNATURE OVERNUMBER MEL - SOUL'S REFLECTION PSA 10 Opens in a new window or tab,10.5,auction,3,2026-09-25,https://www.ebay.com/itm/298701681566
2026-09-27,307194865513,OGN-300 Volibear Relentless Storm,2025 RIFTBOUND: LEAGUE OF LEGENDS ORIGINS SIGNATURE OVERNUMBER VOLIBEAR PSA 10 Opens in a new window or tab,12.5,auction,3,2026-09-25,https://www.ebay.com/itm/307194865513
2026-09-27,298701129790,SFD-223 Vayne Hunter,2026 RIFTBOUND LEAGUE OF LEGENDS SPIRITFORGED SIGNATURE OVERNUMBER VAYNE PSA 10 Opens in a new window or tab,500.0,auction,7,2026-09-25,https://www.ebay.com/itm/298701129790
2026-09-27,298700734627,[no-match],2026 RIFTBOUND LEAGUE OF LEGENDS VENDETTA SIGNATURE OVERNUMBER AMBESSA PSA 10 Opens in a new window or tab,685.0,auction,65,2026-09-25,https://www.ebay.com/itm/298700734627
2026-09-27,298701515010,[no-match],2026 RIFTBOUND LEAGUE OF LEGENDS T1 SIGNATURE EDITION #005 SERAPHINE PSA 10 Opens in a new window or tab,610.0,auction,19,2026-09-25,https://www.ebay.com/itm/298701515010
2026-09-27,298701573156,OGN-305 Yasuo Unforgiven,2025 RIFTBOUND LEAGUE OF LEGENDS ORIGINS SIGNATURE OVERNUMBER #305* YASUO PSA 10 Opens in a new window or tab,26.0,auction,6,2026-09-25,https://www.ebay.com/itm/298701573156
2026-09-27,307195313228,OGN-309 Miss Fortune Bounty Hunter,2026 RIFTBOUND: LEAGUE OF LEGENDS T1 SIGNATURE EDITION MISS FORTUNE PSA 10 Opens in a new window or tab,510.0,auction,10,2026-09-25,https://www.ebay.com/itm/307195313228
2026-09-27,298702102136,[no-match],2026 RIFTBOUND: LEAGUE OF LEGENDS VENDETTA SIGNATURE OVERNUMBER AKALI PSA 10 Opens in a new window or tab,2500.0,auction,2,2026-09-25,https://www.ebay.com/itm/298702102136
2026-09-27,307194865508,OGN-303 Ahri Nine-Tailed Fox,2025 RIFTBOUND: LEAGUE OF LEGENDS ORIGINS SIGNATURE OVERNUMBER AHRI PSA 10 Opens in a new window or tab,1.25,auction,2,2026-09-25,https://www.ebay.com/itm/307194865508
2026-09-27,307194865528,OGN-309 Miss Fortune Bounty Hunter,2025 RIFTBOUND: LEAGUE OF LEGENDS SIGNATURE OVERNUMBER MISS FORTUNE PSA 10 Opens in a new window or tab,473.0,auction,6,2026-09-25,https://www.ebay.com/itm/307194865528
2026-09-27,117427277447,SFD-227 Ahri Inquisitive,2026 RIFTBOUND LEAGUE OF LEGENDS SPIRITFORGED SIGNATURE OVERNUMBER AHRI PSA 10 Opens in a new window or tab,1225.0,auction,9,2026-09-25,https://www.ebay.com/itm/117427277447
2026-09-27,298700734660,[no-match],2026 RIFTBOUND LEAGUE OF LEGENDS VENDETTA SIGNATURE OVERNUMBER RENEKTON PSA 10 Opens in a new window or tab,51.0,auction,5,2026-09-25,https://www.ebay.com/itm/298700734660
2026-09-27,298702065548,[no-match],2026 RIFTBOUND: SERIALIZED SIGNATURE GALIO INDEFATIGABLE 1527/2025 PSA 10 Opens in a new window or tab,1025.0,auction,7,2026-09-25,https://www.ebay.com/itm/298702065548
2026-09-27,298701117372,UNL-231 Master Yi Wuju Master,2026 RIFTBOUND LEAGUE OF LEGENDS UNLEASHED SIGNATURE OVERNUMBER MASTER YI PSA 10 Opens in a new window or tab,255.0,auction,5,2026-09-25,https://www.ebay.com/itm/298701117372
2026-09-27,117421433785,[no-match],2026 RIFTBOUND LEAGUE OF LEGENDS VENDETTA SIGNATURE OVERNUMBER AKALI PSA 10 Opens in a new window or tab,830.0,auction,6,2026-09-25,https://www.ebay.com/itm/117421433785
2026-09-27,298701573075,[no-match],2026 RIFTBOUND LEAGUE OF LEGENDS VENDETTA SIGNATURE OVERNUMBER ZED PSA 10 Opens in a new window or tab,152.5,auction,3,2026-09-25,https://www.ebay.com/itm/298701573075
2026-09-27,307194865493,UNL-232 Vex Gloomist,2026 RIFTBOUND: LEAGUE OF LEGENDS UNLEASHED SIGNATURE OVERNUMBER VEX PSA 10 Opens in a new window or tab,415.0,auction,6,2026-09-25,https://www.ebay.com/itm/307194865493
2026-09-27,398429682933,[no-match],2026 RIFTBOUND: LEAGUE OF LEGENDS VEN-VENDETTA SIGNATURE OVERNUMBER JAYCE PSA 10 Opens in a new window or tab,1250.0,auction,0,2026-09-25,https://www.ebay.com/itm/398429682933
2026-09-27,287601061072,OGN-301 Jinx Loose Cannon,2025 Riftbound TCG Origins Jinx Signature Overnumber #301* Chinese PSA 10 Opens in a new window or tab,860.0,auction,4,2026-09-23,https://www.ebay.com/itm/287601061072
2026-09-27,366689590675,UNL-237 Poppy Keeper of the Hammer,2026 RIFTBOUND: UNL-UNLEASHED #237* POPPY SIGNATURE OVERNUMBER PSA 10 GEM MT Opens in a new window or tab,51.0,auction,3,2026-09-25,https://www.ebay.com/itm/366689590675
2026-09-27,377520092520,SFD-230 Teemo Strategist,2026 Riftbound SFD Spiritforged EN Signature Overnumber #230 Teemo PSA 10 Opens in a new window or tab,202.5,auction,9,2026-09-25,https://www.ebay.com/itm/377520092520
2026-09-27,800710024816,UNL-230 Lillia Bashful Bloom,2026 RIFTBOUND: UNL-UNLEASHED #230* LILLIA SIGNATURE OVERNUMBER PSA 10 GEM MT Opens in a new window or tab,6.5,auction,3,2026-09-25,https://www.ebay.com/itm/800710024816
2026-09-27,800711832031,SFD-233 Yone Blademaster,2026 RIFTBOUND: LOL YONE SIGNATURE OVERNUMBER SPIRITFORGED #233* PSA 10 Opens in a new window or tab,12.5,auction,3,2026-09-25,https://www.ebay.com/itm/800711832031
2026-09-27,800711832028,OGN-302 Darius Hand of Noxus,2025 RIFTBOUND: LOL DARIUS SIGNATURE OVERNUMBER ORIGINS #302* PSA 10 Opens in a new window or tab,202.5,auction,6,2026-09-25,https://www.ebay.com/itm/800711832028
2026-09-27,800711832030,UNL-228 Pyke Bloodharbor Ripper,2026 RIFTBOUND: LOL PYKE SIGNATURE OVERNUMBER UNLEASHED #228* PSA 10 Opens in a new window or tab,102.5,auction,10,2026-09-25,https://www.ebay.com/itm/800711832030
2026-09-27,800711832147,UNL-236 Kha'Zix Voidreaver,2026 RIFTBOUND: LOL KHA'ZIX SIGNATURE OVERNUMBER UNLEASHED #236* PSA 10 Opens in a new window or tab,255.0,auction,6,2026-09-25,https://www.ebay.com/itm/800711832147
2026-09-27,800711832116,SFD-228 Bard Mercurial,2026 RIFTBOUND: LOL BARD SIGNATURE OVERNUMBER SPIRITFORGED #228* PSA 10 Opens in a new window or tab,51.0,auction,3,2026-09-25,https://www.ebay.com/itm/800711832116
2026-09-27,800711832089,SFD-235 Yasuo Windrider,2026 RIFTBOUND: LOL YASUO SIGNATURE OVERNUMBER SPIRITFORGED #235* PSA 10 Opens in a new window or tab,7.5,auction,4,2026-09-25,https://www.ebay.com/itm/800711832089
2026-09-27,800711832097,SFD-232 Sett Brawler,2026 RIFTBOUND: LOL SETT SIGNATURE OVERNUMBER SPIRITFORGED #232* PSA 10 Opens in a new window or tab,305.0,auction,5,2026-09-25,https://www.ebay.com/itm/800711832097
2026-09-27,188983700992,SFD-236 Darius Executioner,Riftbound 2026 SFD Darius Executioner Signature Overnumber 236*/221 PSA 10 Opens in a new window or tab,800.0,auction,0,2026-09-27,https://www.ebay.com/itm/188983700992
2026-09-27,158339472886,SFD-228 Bard Mercurial,Riftbound S-Chinese Spiritforged #228* Bard Signature Overnumber  PSA 10 POP 15 Opens in a new window or tab,799.99,auction,0,2026-09-27,https://www.ebay.com/itm/158339472886
2026-09-27,298699029695,[no-match],2026 RIFTBOUND LOL VENDETTA SIGNATURE OVERNUMBER AMBESSA MATRIARCH OF WAR PSA 10 Opens in a new window or tab,305.0,auction,19,2026-09-27,https://www.ebay.com/itm/298699029695
2026-09-27,298704459777,[no-match],2026 RIFTBOUND SERIALIZED SIGNATURE 2025 WORLDS AMBESSA THE WOLF 440/2025 PSA 10 Opens in a new window or tab,0.99,auction,1,2026-09-27,https://www.ebay.com/itm/298704459777
2026-09-27,117426205720,UNL-236 Kha'Zix Voidreaver,2026 RIFTBOUND LOL SIGNATURE OVERNUMBER UNLEASHED KHA'ZIX - VOIDREAVER PSA 10 Opens in a new window or tab,95.0,auction,14,2026-09-27,https://www.ebay.com/itm/117426205720
2026-09-27,117424159730,UNL-237 Poppy Keeper of the Hammer,2026 RIFTBOUND LOL UNL-SIGNATURE OVERNUMBER POPPY - KEEPER OF THE HAMMER PSA 10 Opens in a new window or tab,10.5,auction,4,2026-09-27,https://www.ebay.com/itm/117424159730
2026-09-27,117430088590,[no-match],2026 RIFTBOUND LOL VENDETTA SIGNATURE OVERNUMBER MEL - SOUL'S REFLECTION PSA 10 Opens in a new window or tab,102.5,auction,2,2026-09-27,https://www.ebay.com/itm/117430088590
2026-09-27,298705099300,[no-match],2026 RIFTBOUND: LEAGUE OF LEGENDS T1 SIGNATURE EDITION #002 XIN ZHAO PSA 10 Opens in a new window or tab,0.99,auction,1,2026-09-27,https://www.ebay.com/itm/298705099300
2026-09-27,800715587268,OGN-306 Leona Radiant Dawn,RIFTBOUND: LOL LEONA 2025 OGN-ORIGINS #306* SIGNATURE OVERNUMBER PSA 10 Opens in a new window or tab,300.0,auction,17,2026-09-27,https://www.ebay.com/itm/800715587268
2026-09-27,800719003976,OGN-305 Yasuo Unforgiven,2025 OGN Riftbound Yasuo Unforgiven Signature Overnumber #305 EN Foil PSA 10 Opens in a new window or tab,1900.0,auction,0,2026-09-27,https://www.ebay.com/itm/800719003976
2026-09-27,298706235291,UNL-232 Vex Gloomist,2026 RIFTBOUND LOL UNLEASHED SIGNATURE OVERNUMBER #232* VEX - GLOOMIST PSA 10 Opens in a new window or tab,53.77,auction,3,2026-09-27,https://www.ebay.com/itm/298706235291
2026-09-27,298707805675,[no-match],2026 RIFTBOUND LOL VENDETTA SIGNATURE OVERNUMBER ZED - MASTER OF SHADOWS PSA 10 Opens in a new window or tab,0.99,auction,1,2026-09-27,https://www.ebay.com/itm/298707805675
2026-09-27,117431913339,OGN-309 Miss Fortune Bounty Hunter,2026 RIFTBOUND T1 SERIALIZED SIGNATURE MISS FORTUNE - BUCCANEER 491/2025 PSA 10 Opens in a new window or tab,560.0,auction,27,2026-09-27,https://www.ebay.com/itm/117431913339
2026-09-27,307191228991,UNL-233 Ivern Green Father,2026 RIFTBOUND: LEAGUE OF LEGENDS UNLEASHED SIGNATURE OVERNUMBER IVERN PSA 10 Opens in a new window or tab,5.5,auction,4,2026-09-27,https://www.ebay.com/itm/307191228991
2026-09-27,117430812090,UNL-230 Lillia Bashful Bloom,2026 RIFTBOUND: LEAGUE OF LEGENDS UNLEASHED SIGNATURE OVERNUMBER LILLIA PSA 10 Opens in a new window or tab,1.25,auction,2,2026-09-27,https://www.ebay.com/itm/117430812090
2026-09-27,298702128385,SFD-239 Soraka Wanderer,2026 RIFTBOUND SPIRITFORGED SORAKA WANDERER SIGNATURE OVERNUMBER #239* PSA 10 Opens in a new window or tab,5.5,auction,2,2026-09-27,https://www.ebay.com/itm/298702128385
2026-09-27,307198740389,OGN-301 Jinx Loose Cannon,2025 RIFTBOUND: LEAGUE OF LEGENDS ORIGINS SIGNATURE OVERNUMBER #301* JINX PSA 10 Opens in a new window or tab,51.0,auction,3,2026-09-27,https://www.ebay.com/itm/307198740389
2026-09-27,307198961047,[no-match],2026 RIFTBOUND T1 SERIALIZED SIGNATURE #001* AMBESSA - THE WOLF 605/2025 PSA 10 Opens in a new window or tab,102.5,auction,3,2026-09-27,https://www.ebay.com/itm/307198961047
2026-09-27,298706828354,OGN-299 Kai'Sa Daughter of the Void,2025 RIFTBOUND S.CHINESE SIGNATURE OVERNUMBER #299* KAI'SA PSA 10 Opens in a new window or tab,0.99,auction,0,2026-09-27,https://www.ebay.com/itm/298706828354
2026-09-27,298706289175,[no-match],2026 RIFTBOUND LOL VENDETTA SIGNATURE OVERNUMBER AKALI - ROGUE ASSASSIN PSA 10 Opens in a new window or tab,51.0,auction,3,2026-09-27,https://www.ebay.com/itm/298706289175
2026-09-27,298706235803,SFD-228 Bard Mercurial,2026 RIFTBOUND LOL SPIRITFORGED SIGNATURE OVERNUMBER #228* BARD MERCURIAL PSA 10 Opens in a new window or tab,5.5,auction,2,2026-09-27,https://www.ebay.com/itm/298706235803
2026-09-27,298706149371,[no-match],2026 RIFTBOUND LOL VENDETTA SIGNATURE OVERNUMBER AKALI - ROGUE ASSASSIN PSA 10 Opens in a new window or tab,20.5,auction,3,2026-09-27,https://www.ebay.com/itm/298706149371
2026-09-27,298707834338,[no-match],2026 RIFTBOUND T1 SERIALIZED SIGNATURE SERAPHINE - NOT ALONE 1660/2025 PSA 10 Opens in a new window or tab,3050.0,auction,5,2026-09-27,https://www.ebay.com/itm/298707834338
2026-09-27,117431070938,[no-match],2026 RIFTBOUND T1 SERIALIZED SIGNATURE #003* GALIO - INDEFATIGABLE /2025 PSA 10 Opens in a new window or tab,2075.0,auction,9,2026-09-27,https://www.ebay.com/itm/117431070938
2026-09-27,307191228734,UNL-237 Poppy Keeper of the Hammer,RIFTBOUND: LEAGUE OF LEGENDS UNLEASHED SIGNATURE OVERNUMBER POPPY PSA 10 Opens in a new window or tab,20.5,auction,3,2026-09-27,https://www.ebay.com/itm/307191228734
2026-09-27,117424159371,UNL-231 Master Yi Wuju Master,2026 RIFTBOUND LEAGUE OF LEGENDS UNLEASHED SIGNATURE OVERNUMBER MASTER YI PSA 10 Opens in a new window or tab,1.25,auction,2,2026-09-27,https://www.ebay.com/itm/117424159371
2026-09-27,307198693816,[no-match],2026 RIFTBOUND: LEAGUE OF LEGENDS VENDETTA SIGNATURE OVERNUMBER AMBESSA PSA 10 Opens in a new window or tab,0.99,auction,1,2026-09-27,https://www.ebay.com/itm/307198693816
2026-09-27,137762050194,OGN-305 Yasuo Unforgiven,YASUO UNFORGIVEN LOL RIFTBOUND OGN SIGNATURE OVERNUMBER 305* 2025 EN PSA 10 Opens in a new window or tab,115.05,auction,2,2026-09-25,https://www.ebay.com/itm/137762050194
2026-09-27,137762051124,OGN-309 Miss Fortune Bounty Hunter,MISS FORTUNE BOUNTY HUNTER LOL RIFTBOUND OGN SIGNATURE NUMBER EN 309* 2025 PSA 10 Opens in a new window or tab,115.05,auction,11,2026-09-25,https://www.ebay.com/itm/137762051124
2026-09-27,137766906161,UNL-234 Diana Scorn of the Moon,DIANA SIGNATURE OVERNUMBER RIFTBOUND LEAGUE OF LEGENDS UNL 2026 234 PSA 10 Opens in a new window or tab,115.05,auction,6,2026-09-25,https://www.ebay.com/itm/137766906161
2026-09-27,227532474179,SFD-233 Yone Blademaster,Riftbound - Yone Blademaster - Spiritforged - #233* - Signature  - Eng - PSA 10 Opens in a new window or tab,410.66,auction,12,2026-09-25,https://www.ebay.com/itm/227532474179
2026-09-27,137762161595,SFD-233 Yone Blademaster,YONE SIGNATURE OVERNUMBER RIFTBOUND LOL SFD-SPIRITFORGED 2026 233* PSA 10 Opens in a new window or tab,1.14,auction,1,2026-09-25,https://www.ebay.com/itm/137762161595
2026-09-27,137762163402,OGN-308 Viktor Herald of the Arcane,VIKTOR SIGNATURE OVERNUMBER RIFTBOUND: LOL OGN-ORIGINS 2025 308* PSA 10 Opens in a new window or tab,126.44,auction,8,2026-09-25,https://www.ebay.com/itm/137762163402
2026-09-27,137762163426,OGN-305 Yasuo Unforgiven,YASUO SIGNATURE OVERNUMBER RIFTBOUND: LOL OGN-ORIGINS 2025 305* PSA 10 Opens in a new window or tab,58.09,auction,2,2026-09-25,https://www.ebay.com/itm/137762163426
2026-09-27,137762175768,OGN-309 Miss Fortune Bounty Hunter,MISS FORTUNE SIGNATURE OVERNUMBER RIFTBOUND: LOL OGN-ORIGINS 2025 309* PSA 10 Opens in a new window or tab,228.96,auction,3,2026-09-25,https://www.ebay.com/itm/137762175768
2026-09-27,188849512149,OGN-302 Darius Hand of Noxus,2025 Riftbound Origins Darius Signature Overnumber 302* PSA 10 Opens in a new window or tab,1700.0,bin,,2026-09-15,https://www.ebay.com/itm/188849512149
2026-09-27,188849521502,SFD-224 Aphelios Exalted,2026 Riftbound Spiritforged Aphelios Signature Overnumber #224* PSA 10 Opens in a new window or tab,2150.0,bin,,2026-09-15,https://www.ebay.com/itm/188849521502
2026-09-27,188849537276,SFD-236 Darius Executioner,2026 Riftbound Spiritforged Darius Executioner Signature Overnumber #236* PSA 10 Opens in a new window or tab,1500.0,bin,,2026-09-15,https://www.ebay.com/itm/188849537276
2026-09-27,287487786817,SFD-223 Vayne Hunter,2026 RIFTBOUND SFD-SPIRITFORGED SIGNATURE OVERNUMBER #223* VAYNE - HUNTER PSA 10 Opens in a new window or tab,3800.0,bin,,2026-09-15,https://www.ebay.com/itm/287487786817
2026-09-27,287549808628,OGN-305 Yasuo Unforgiven,Riftbound League Of Legends Yasuo Unforgiven 305* Signature Overnumber PSA 10 Opens in a new window or tab,3000.0,bin,,2026-09-15,https://www.ebay.com/itm/287549808628
2026-09-27,287549808639,SFD-223 Vayne Hunter,Riftbound League Of Legends Vayne - Hunter 223* Signature Overnumber PSA 10 Opens in a new window or tab,4400.0,bin,,2026-09-15,https://www.ebay.com/itm/287549808639
2026-09-27,287549808650,OGN-305 Yasuo Unforgiven,Riftbound League Of Legends Yasuo - Unforgiven 305* Signature Overnumber PSA 10 Opens in a new window or tab,3000.0,bin,,2026-09-15,https://www.ebay.com/itm/287549808650
2026-09-27,307090775862,SFD-227 Ahri Inquisitive,2026 RIFTBOUND SFD SPIRITFORGED 227 AHRI SIGNATURE OVERNUMBER PSA 10 Opens in a new window or tab,8790.88,bin,,2026-09-15,https://www.ebay.com/itm/307090775862
2026-09-27,198530146606,SFD-227 Ahri Inquisitive,2026 RIFTBOUND SPIRITFORGED SFD LOL SIGNATURE OVERNUMBER 227*/221 AHRI PSA 10 Opens in a new window or tab,10822.0,bin,,2026-09-15,https://www.ebay.com/itm/198530146606
2026-09-27,407104757993,OGN-310 Sett The Boss,2025 RIFTBOUND LEAGUE OF LEGENDS SIGNATURE OVERNUMBER #310* SETT THE BOSS PSA 10 Opens in a new window or tab,2240.0,bin,,2026-09-15,https://www.ebay.com/itm/407104757993
2026-09-27,800425444516,OGN-301 Jinx Loose Cannon,Riftbound Origins Jinx Signature Overnumber #301* PSA 10 Opens in a new window or tab,8000.0,bin,,2026-09-15,https://www.ebay.com/itm/800425444516
2026-09-27,800425456933,SFD-227 Ahri Inquisitive,Riftbound Spiritforged Ahri Inquisitive Signature Overnumber #227* PSA 10 Opens in a new window or tab,20000.0,bin,,2026-09-15,https://www.ebay.com/itm/800425456933
2026-09-27,800584091233,[no-match],2026 RIFTBOUND: LEAGUE OF LEGENDS VENDETTA SIGNATURE AKALI PSA 10 Opens in a new window or tab,13000.0,bin,,2026-09-15,https://www.ebay.com/itm/800584091233
2026-09-27,398230161112,SFD-227 Ahri Inquisitive,PSA 10 League of Legends Riftbound CHN Spiritforged Ahri SFD·227*/221 Signature Opens in a new window or tab,12400.0,bin,,2026-09-15,https://www.ebay.com/itm/398230161112
2026-09-27,820065631608,[no-match],2026 Riftbound Vendetta Akali Rogue Assassin Overnumber Signature 189/166 PSA 10 Opens in a new window or tab,7498.98,bin,,2026-09-15,https://www.ebay.com/itm/820065631608
2026-09-27,398344375468,[no-match],2026 RIFTBOUND: LEAGUE OF LEGENDS VENDETTA #191* ZED SIGNATURE OVERNUMBER PSA 10 Opens in a new window or tab,2699.0,bin,,2026-09-15,https://www.ebay.com/itm/398344375468
2026-09-27,267743540714,SFD-239 Soraka Wanderer,2026 RIFTBOUND: LEAGUE OF LEGENDS SIGNATURE OVERNUMBER SORAKA - WANDERER PSA 10 Opens in a new window or tab,4157.97,bin,,2026-09-15,https://www.ebay.com/itm/267743540714
2026-09-27,318812190362,UNL-232 Vex Gloomist,PSA 10 Riftbound:LOL Vex UNL·232*/219 Signature OB Chinese 2026 Gem Mint Opens in a new window or tab,2669.69,bin,,2026-09-15,https://www.ebay.com/itm/318812190362
2026-09-27,128059777607,SFD-228 Bard Mercurial,Bard - Mercurial (228*/221) [Signature Overnumber] (PSA 10) - Riftbound (ENG) Opens in a new window or tab,1599.99,bin,,2026-09-15,https://www.ebay.com/itm/128059777607
2026-09-27,407117653271,SFD-230 Teemo Strategist,Riftbound Teemo 2026 SFD 230 Signature Overnumber PSA 10 Opens in a new window or tab,3000.0,bin,,2026-09-15,https://www.ebay.com/itm/407117653271
2026-09-27,168203188735,OGN-310 Sett The Boss,Kudos 2025 Riftbound OGN Showstopper Setti Signature Spell #270 PSA 10 Opens in a new window or tab,90.0,bin,,2026-09-15,https://www.ebay.com/itm/168203188735
2026-09-27,336777143892,SFD-223 Vayne Hunter,2026 RIFTBOUND SPIRITFORGED SFD LOL SIGNATURE OVERNUMBER 223* VAYNE PSA 10 Opens in a new window or tab,3700.0,bin,,2026-09-15,https://www.ebay.com/itm/336777143892
2026-09-27,267775273991,SFD-223 Vayne Hunter,"💎 PSA 10 Vayne, Hunter of 223 Spiritforged Signature Riftbound League 💎 Opens in a new window or tab",3659.0,bin,,2026-09-15,https://www.ebay.com/itm/267775273991
2026-09-27,407123123047,OGN-303 Ahri Nine-Tailed Fox,RIFTBOUND 2025 AHRI SIGNATURE OVERNUMBER ORIGINS OGN EN #303* PSA 10 Opens in a new window or tab,9000.0,bin,,2026-09-15,https://www.ebay.com/itm/407123123047
2026-09-27,158158614438,SFD-230 Teemo Strategist,2026 Riftbound Spiritforged SFD Teemo #230* Signature Overnumber PSA 10 Opens in a new window or tab,2474.9,bin,,2026-09-15,https://www.ebay.com/itm/158158614438
2026-09-27,407123642962,OGN-301 Jinx Loose Cannon,RIFTBOUND OGN-ORIGINS SIGNATURE OVERNUMBER #301* JINX - LOOSE CANNON PSA 10 MM36 Opens in a new window or tab,6200.0,bin,,2026-09-15,https://www.ebay.com/itm/407123642962
2026-09-27,366651969533,SFD-225 Irelia Fervent,2026 Riftbound SFD En Signature Overnumber #225* Irelia PSA 10 GEM MINT Opens in a new window or tab,3974.1,bin,,2026-09-09,https://www.ebay.com/itm/366651969533
2026-09-27,377399269743,SFD-239 Soraka Wanderer,2026 Riftbound SFD EN Signature Overnumbered #239 Soraka PSA 10 GEM MINT Opens in a new window or tab,3230.0,bin,,2026-09-09,https://www.ebay.com/itm/377399269743
2026-09-27,168593783524,SFD-227 Ahri Inquisitive,2026 RIFTBOUND SPIRITFORGED SFD LOL SIGNATURE OVERNUMBER 227* AHRI PSA 10 EN Opens in a new window or tab,10000.0,bin,,2026-09-15,https://www.ebay.com/itm/168593783524
2026-09-27,287508195983,UNL-237 Poppy Keeper of the Hammer,Riftbound Poppy Keeper Of The Hammer Unleashed 237* Signature Overnumber PSA 10 Opens in a new window or tab,3000.0,bin,,2026-09-15,https://www.ebay.com/itm/287508195983
2026-09-27,800624825292,SFD-230 Teemo Strategist,PSA 10 teemo strategist overnumbered signature riftbound Opens in a new window or tab,5821.58,bin,,2026-09-09,https://www.ebay.com/itm/800624825292
2026-09-27,227466225479,OGN-303 Ahri Nine-Tailed Fox,Ahri Nine-Tailed Fox PSA 10 303*/298 - Signature Overnumber - Origins Riftbound Opens in a new window or tab,9319.26,bin,,2026-09-09,https://www.ebay.com/itm/227466225479
2026-09-27,168671349517,SFD-227 Ahri Inquisitive,Riot Games 2026 Riftbound Ahri Inquisitive Signature Overnumber #227* PSA 10 Opens in a new window or tab,11000.0,bin,,2026-09-15,https://www.ebay.com/itm/168671349517
2026-09-27,227466357354,SFD-233 Yone Blademaster,PSA 10 Yone Blademaster 233*/221 - Signature Overnumber - Spiritforged Riftbound Opens in a new window or tab,2848.11,bin,,2026-09-09,https://www.ebay.com/itm/227466357354
2026-09-27,298654462733,OGN-300 Volibear Relentless Storm,Volibear Signature Riftbound: League Of Legends Ogn-Origins 300* PSA 10 Opens in a new window or tab,1749.99,bin,,2026-09-15,https://www.ebay.com/itm/298654462733
2026-09-27,298654462735,OGN-308 Viktor Herald of the Arcane,Viktor Signature Riftbound: League Of Legends Ogn-Origins 308* Gem Mint PSA 10 Opens in a new window or tab,2500.0,bin,,2026-09-15,https://www.ebay.com/itm/298654462735
2026-09-27,298654462736,SFD-225 Irelia Fervent,Irelia Signature Riftbound: League Of Legends Sfd-Spiritforged 225* PSA 10 Opens in a new window or tab,4000.0,bin,,2026-09-15,https://www.ebay.com/itm/298654462736
2026-09-27,298654462737,UNL-234 Diana Scorn of the Moon,Diana Signature Riftbound: League Of Legends Unl-Unleashed 234* NM PSA 10 Opens in a new window or tab,3999.99,bin,,2026-09-15,https://www.ebay.com/itm/298654462737
2026-09-27,298654462739,UNL-227 Rengar Pridestalker,Rengar Signature Riftbound: League Of Legends Unl-Unleashed 227* Gem Mint PSA 10 Opens in a new window or tab,1500.0,bin,,2026-09-15,https://www.ebay.com/itm/298654462739
2026-09-27,287572695085,SFD-232 Sett Brawler,2026 RIFTBOUND SFD-SPIRITFORGED SIGNATURE OVERNUMBER #232* SETT - BRAWLER PSA 10 Opens in a new window or tab,1850.0,bin,,2026-09-15,https://www.ebay.com/itm/287572695085
2026-09-27,117402033367,OGN-304 Lee Sin Blind Monk,2025 RIFTBOUND: ORIGINS #304* LEE SIN SIGNATURE OVERNUMBER PSA 10 GEM MINT Opens in a new window or tab,5400.2,bin,,2026-09-09,https://www.ebay.com/itm/117402033367
2026-09-27,117402346044,OGN-308 Viktor Herald of the Arcane,2025 RIFTBOUND ORIGINS #308* VIKTOR SIGNATURE OVERNUMBER PSA 10 Opens in a new window or tab,3100.0,bin,,2026-09-10,https://www.ebay.com/itm/117402346044
2026-09-27,287382419252,OGN-301 Jinx Loose Cannon,2025 RIFTBOUND LEAGUE LEGENDS OGN ORIGINS #301 JINX SIGNATURE OVERNUMBER PSA 10 Opens in a new window or tab,6969.69,bin,,2026-09-15,https://www.ebay.com/itm/287382419252
2026-09-27,137714802498,[no-match],2026 RIFTBOUND: LEAGUE OF LEGENDS VENDETTA #191* ZED SIGNATURE OVERNUMBER PSA 10 Opens in a new window or tab,2999.99,bin,,2026-09-15,https://www.ebay.com/itm/137714802498
2026-09-27,198627986300,OGN-303 Ahri Nine-Tailed Fox,2025 RIFTBOUND LEAGUE OF LEGENDS  OGN-303*/298 AHRI SIGNATURE OVERNUMBER PSA 10 Opens in a new window or tab,9999.99,bin,,2026-09-15,https://www.ebay.com/itm/198627986300
2026-09-27,336733282574,SFD-230 Teemo Strategist,2026 RIFTBOUND SFD-SPIRITFORGED SIGNATURE OVERNUMBER TEEMO - STRATEGIST PSA 10 Opens in a new window or tab,4500.0,bin,,2026-09-15,https://www.ebay.com/itm/336733282574
2026-09-27,287513532024,OGN-302 Darius Hand of Noxus,RIFTBOUND: LEAGUE OF LEGENDS DARIUS 2025 OGN #302* SIGNATURE OVERNUMBER PSA 10 Opens in a new window or tab,1350.0,bin,,2026-09-15,https://www.ebay.com/itm/287513532024
2026-09-27,147560357678,SFD-227 Ahri Inquisitive,2026 Riftbound SFD EN Signature Overnumber #227* Ahri PSA 10 GEM MINT Opens in a new window or tab,11000.0,bin,,2026-09-15,https://www.ebay.com/itm/147560357678
2026-09-27,257732691022,OGN-301 Jinx Loose Cannon,2025 RIFTBOUND SIGNATURE OVERNUMBER #301* JINX OGN ORIGINS - LOOSE CANNON PSA 10 Opens in a new window or tab,5000.0,bin,,2026-09-15,https://www.ebay.com/itm/257732691022
2026-09-27,198630331219,SFD-230 Teemo Strategist,2026 Riftbound SFD English Teemo 230*/221 OVERNUMBER SIGNATURE PSA 10 GEM MT Opens in a new window or tab,2543.99,bin,,2026-09-15,https://www.ebay.com/itm/198630331219
2026-09-27,298573224201,OGN-301 Jinx Loose Cannon,2025 RIFTBOUND SIGNATURE OVERNUMBER #301* JINX OGN ORIGINS - LOOSE CANNON PSA 10 Opens in a new window or tab,8000.0,bin,,2026-09-15,https://www.ebay.com/itm/298573224201
2026-09-27,298573258476,OGN-307 Teemo Swift Scout,2025 RIFTBOUND TEEMO SIGNATURE OVERNUMBER PSA 10 OGN ORIGINS #307 Opens in a new window or tab,6999.0,bin,,2026-09-15,https://www.ebay.com/itm/298573258476
2026-09-27,198630406623,SFD-235 Yasuo Windrider,2026 Riftbound:SpiritForged Yasuo SFD 235*/221 Signature Overnumber  PSA 10 Opens in a new window or tab,2499.99,bin,,2026-09-15,https://www.ebay.com/itm/198630406623
2026-09-27,298573262036,OGN-304 Lee Sin Blind Monk,2025 RIFTBOUND LEE SIN SIGNATURE OVERNUMBER PSA 10 OGN-ORIGINS #304 Opens in a new window or tab,7500.0,bin,,2026-09-15,https://www.ebay.com/itm/298573262036
2026-09-27,298573264963,OGN-306 Leona Radiant Dawn,2025 RIFTBOUND LEONA SIGNATURE OVERNUMBER PSA 10 OGN ORIGINS #306 Opens in a new window or tab,3500.0,bin,,2026-09-15,https://www.ebay.com/itm/298573264963
2026-09-27,298573265930,SFD-224 Aphelios Exalted,2026 RIFTBOUND APHELIOS SIGNATURE OVERNUMBER PSA 10 SFD SPIRITFORGED #224 Opens in a new window or tab,2250.0,bin,,2026-09-15,https://www.ebay.com/itm/298573265930
2026-09-27,298573267902,OGN-310 Sett The Boss,2025 RIFTBOUND SETT SIGNATURE OVERNUMBER PSA 10 OGN ORIGINS #310 League Opens in a new window or tab,5999.99,bin,,2026-09-15,https://www.ebay.com/itm/298573267902
2026-09-27,298573269290,OGN-305 Yasuo Unforgiven,2025 RIFTBOUND YASUO UNFORGIVEN SIGNATURE OVERNUMBER PSA 10 #305 LEAGUE Opens in a new window or tab,3750.0,bin,,2026-09-15,https://www.ebay.com/itm/298573269290
2026-09-27,287515390029,OGN-310 Sett The Boss,RIFTBOUND: LEAGUE OF LEGENDS SETT 2025 OGN #310* SIGNATURE OVERNUMBER PSA 10 Opens in a new window or tab,2400.0,bin,,2026-09-15,https://www.ebay.com/itm/287515390029
2026-09-27,168677278814,UNL-234 Diana Scorn of the Moon,2026 RIFTBOUND UNLEASHED SIGNATURE OVERNUMBER DIANA - SCORN OF THE MOON PSA 10 Opens in a new window or tab,4800.0,bin,,2026-09-15,https://www.ebay.com/itm/168677278814
2026-09-27,198632724636,SFD-224 Aphelios Exalted,APHELIOS Signature 224*/221 2025 RIFTBOUND: SIMPLIFIED CHINESE SFD PSA 10 Opens in a new window or tab,1599.99,bin,,2026-09-15,https://www.ebay.com/itm/198632724636
2026-09-27,137722483700,[no-match],Riftbound: Akali Rogue Assassin #189*/166 Signature PSA 10 Opens in a new window or tab,5350.0,bin,,2026-09-15,https://www.ebay.com/itm/137722483700
2026-09-27,237062076465,OGN-299 Kai'Sa Daughter of the Void,2025 Riftbound CS OGN-ORIGINS 299*/298 Kai'sa Signature Overnumber PSA 10 CD39 Opens in a new window or tab,6602.49,bin,,2026-09-11,https://www.ebay.com/itm/237062076465
2026-09-27,237062083232,OGN-304 Lee Sin Blind Monk,2025 Riftbound CS OGN-ORIGINS 304*/298 Lee Sin Signature Overnumber PSA 10 Opens in a new window or tab,3229.99,bin,,2026-09-11,https://www.ebay.com/itm/237062083232
2026-09-27,237062085836,OGN-307 Teemo Swift Scout,2025 Riftbound CS OGN-ORIGINS 307*/298 Teemo Signature Overnumber PSA 10 Opens in a new window or tab,2564.99,bin,,2026-09-11,https://www.ebay.com/itm/237062085836
2026-09-27,237062094208,OGN-309 Miss Fortune Bounty Hunter,2025 Riftbound CS OGN-ORIGINS 309*/298 Miss Fortune Signature Overnumber PSA 10 Opens in a new window or tab,3704.99,bin,,2026-09-11,https://www.ebay.com/itm/237062094208
2026-09-27,366598116931,[set-ambiguous] Sett,Riftbound Sett Signature Psa 10 Opens in a new window or tab,3000.0,bin,,2026-09-15,https://www.ebay.com/itm/366598116931
2026-09-27,398384465754,UNL-232 Vex Gloomist,2026 VEX #232* SIGNATURE OVERNUMBER RIFTBOUND: LEAGUE OF LEGENDS PSA 10 Opens in a new window or tab,1791.98,bin,,2026-09-15,https://www.ebay.com/itm/398384465754
2026-09-27,398384465992,UNL-232 Vex Gloomist,PSA 10 2026 VEX #232* SIGNATURE OVERNUMBER RIFTBOUND: LEAGUE OF LEGENDS Opens in a new window or tab,1751.99,bin,,2026-09-15,https://www.ebay.com/itm/398384465992
2026-09-27,398384473511,UNL-230 Lillia Bashful Bloom,2026 LILLIA #230* SIGNATURE OVERNUMBER RIFTBOUND: LEAGUE OF LEGENDS PSA 10 Opens in a new window or tab,818.98,bin,,2026-09-15,https://www.ebay.com/itm/398384473511
2026-09-27,398384474027,UNL-230 Lillia Bashful Bloom,PSA 10 2026 LILLIA #230* SIGNATURE OVERNUMBER RIFTBOUND: LEAGUE OF LEGENDS Opens in a new window or tab,778.99,bin,,2026-09-15,https://www.ebay.com/itm/398384474027
2026-09-27,398384584803,SFD-237 Karma Channeler,2025 KARMA #237* SIGNATURE OVERNUMBER RIFTBOUND: LEAGUE OF LEGENDS PSA 10 Opens in a new window or tab,636.98,bin,,2026-09-15,https://www.ebay.com/itm/398384584803
2026-09-27,398384584988,SFD-237 Karma Channeler,PSA 10 2025 KARMA #237* SIGNATURE OVERNUMBER RIFTBOUND: LEAGUE OF LEGENDS Opens in a new window or tab,626.99,bin,,2026-09-15,https://www.ebay.com/itm/398384584988
2026-09-27,398384594348,SFD-223 Vayne Hunter,2025 VAYNE #223* SIGNATURE OVERNUMBER RIFTBOUND: LEAGUE OF LEGENDS PSA 10 Opens in a new window or tab,1017.98,bin,,2026-09-27,https://www.ebay.com/itm/398384594348
2026-09-27,398384594674,SFD-223 Vayne Hunter,PSA 10 2025 VAYNE #223* SIGNATURE OVERNUMBER RIFTBOUND: LEAGUE OF LEGENDS Opens in a new window or tab,977.99,bin,,2026-09-27,https://www.ebay.com/itm/398384594674
2026-09-27,398384597466,SFD-236 Darius Executioner,2025 DARIUS #236* SIGNATURE OVERNUMBER RIFTBOUND: LEAGUE OF LEGENDS PSA 10 Opens in a new window or tab,424.98,bin,,2026-09-15,https://www.ebay.com/itm/398384597466
2026-09-27,398384597775,SFD-236 Darius Executioner,PSA 10 2025 DARIUS #236* SIGNATURE OVERNUMBER RIFTBOUND: LEAGUE OF LEGENDS Opens in a new window or tab,414.99,bin,,2026-09-15,https://www.ebay.com/itm/398384597775
2026-09-27,398384599219,OGN-310 Sett The Boss,2025 SETT #310* SIGNATURE OVERNUMBER RIFTBOUND: LEAGUE OF LEGENDS PSA 10 Opens in a new window or tab,818.98,bin,,2026-09-15,https://www.ebay.com/itm/398384599219
2026-09-27,398384599470,OGN-310 Sett The Boss,PSA 10 2025 SETT #310* SIGNATURE OVERNUMBER RIFTBOUND: LEAGUE OF LEGENDS Opens in a new window or tab,778.99,bin,,2026-09-15,https://www.ebay.com/itm/398384599470
2026-09-27,398384601683,OGN-308 Viktor Herald of the Arcane,2025 VIKTOR #308* SIGNATURE OVERNUMBER RIFTBOUND: LEAGUE OF LEGENDS PSA 10 Opens in a new window or tab,1601.98,bin,,2026-09-15,https://www.ebay.com/itm/398384601683
2026-09-27,398384602186,OGN-308 Viktor Herald of the Arcane,PSA 10 2025 VIKTOR #308* SIGNATURE OVERNUMBER RIFTBOUND: LEAGUE OF LEGENDS Opens in a new window or tab,1561.99,bin,,2026-09-15,https://www.ebay.com/itm/398384602186
2026-09-27,398384604813,OGN-304 Lee Sin Blind Monk,2025 LEE SIN #304* SIGNATURE OVERNUMBER RIFTBOUND: LEAGUE OF LEGENDS PSA 10 Opens in a new window or tab,2296.98,bin,,2026-09-15,https://www.ebay.com/itm/398384604813
2026-09-27,398384605552,OGN-304 Lee Sin Blind Monk,PSA 10 2025 LEE SIN #304* SIGNATURE OVERNUMBER RIFTBOUND: LEAGUE OF LEGENDS Opens in a new window or tab,2256.99,bin,,2026-09-15,https://www.ebay.com/itm/398384605552
2026-09-27,398384609209,OGN-302 Darius Hand of Noxus,2025 DARIUS #302* SIGNATURE OVERNUMBER RIFTBOUND: LEAGUE OF LEGENDS PSA 10 Opens in a new window or tab,1028.98,bin,,2026-09-15,https://www.ebay.com/itm/398384609209
2026-09-27,398384610750,OGN-302 Darius Hand of Noxus,PSA 10 2025 DARIUS #302* SIGNATURE OVERNUMBER RIFTBOUND: LEAGUE OF LEGENDS Opens in a new window or tab,988.99,bin,,2026-09-15,https://www.ebay.com/itm/398384610750
2026-09-27,398384615037,OGN-301 Jinx Loose Cannon,2025 JINX #301* SIGNATURE OVERNUMBER RIFTBOUND: LEAGUE OF LEGENDS PSA 10 Opens in a new window or tab,1448.98,bin,,2026-09-15,https://www.ebay.com/itm/398384615037
2026-09-27,398384616080,OGN-301 Jinx Loose Cannon,PSA 10 2025 JINX #301* SIGNATURE OVERNUMBER RIFTBOUND: LEAGUE OF LEGENDS Opens in a new window or tab,1408.99,bin,,2026-09-15,https://www.ebay.com/itm/398384616080
2026-09-27,398384642119,OGN-303 Ahri Nine-Tailed Fox,2025 AHRI #303* SIGNATURE OVERNUMBER RIFTBOUND: LEAGUE OF LEGENDS PSA 10 Opens in a new window or tab,3511.98,bin,,2026-09-15,https://www.ebay.com/itm/398384642119
2026-09-27,398384642930,OGN-303 Ahri Nine-Tailed Fox,PSA 10 2025 AHRI #303* SIGNATURE OVERNUMBER RIFTBOUND: LEAGUE OF LEGENDS Opens in a new window or tab,3471.99,bin,,2026-09-15,https://www.ebay.com/itm/398384642930
2026-09-27,307120677224,SFD-224 Aphelios Exalted,2026 RIFTBOUND: LOL SIGNATURE OVERNUMBER SPIRITFORGED APHELIOS - EXALTED PSA 10 Opens in a new window or tab,2500.0,bin,,2026-08-14,https://www.ebay.com/itm/307120677224
2026-09-27,227472052724,OGN-302 Darius Hand of Noxus,2025 Riftbound Origins Darius Signature Overnumber 302 PSA 10 League of Legends Opens in a new window or tab,1549.99,bin,,2026-09-15,https://www.ebay.com/itm/227472052724
2026-09-27,198492574779,OGN-309 Miss Fortune Bounty Hunter,2025 RIFTBOUND LEAGUE OF LEGENDS SIGNATURE OVERNUMBER #309 MISS FORTUNE PSA 10 Opens in a new window or tab,7999.99,bin,,2026-09-15,https://www.ebay.com/itm/198492574779
2026-09-27,298666028593,SFD-223 Vayne Hunter,PSA 10 Riftbound:LOL Vayne SFD·223*/221 Signature OB Chinese 2025 Gem Mint Opens in a new window or tab,1329.05,bin,,2026-09-15,https://www.ebay.com/itm/298666028593
2026-09-27,307174874226,SFD-223 Vayne Hunter,PSA 10 Riftbound:LOL Vayne SFD·223*/221 Signature OB Chinese 2025 Gem Mint Opens in a new window or tab,1399.0,bin,,2026-09-15,https://www.ebay.com/itm/307174874226
2026-09-27,298668160965,UNL-232 Vex Gloomist,2026 RIFTBOUND LOL UNLEASHED SIGNATURE OVERNUMBER #232* VEX - GLOOMIST PSA 10 Opens in a new window or tab,1650.0,bin,,2026-09-15,https://www.ebay.com/itm/298668160965
2026-09-27,287582973062,SFD-233 Yone Blademaster,Yone - Blademaster 233* Signature Overnumber Riftbound PSA 10 Opens in a new window or tab,1500.0,bin,,2026-09-13,https://www.ebay.com/itm/287582973062
2026-09-27,287582973065,UNL-236 Kha'Zix Voidreaver,Kha'zix - Voidreaver 236* Signature Overnumber Riftbound PSA 10 Opens in a new window or tab,1750.0,bin,,2026-09-14,https://www.ebay.com/itm/287582973065
2026-09-27,377491807267,UNL-229 Vi Piltover Enforcer,League of Legends 2026 Riftbound Signature Piltover Enforcer #229 PSA 10 Opens in a new window or tab,1999.99,bin,,2026-09-15,https://www.ebay.com/itm/377491807267
2026-09-27,377491813361,SFD-239 Soraka Wanderer,2026 Riftbound League of Legends SFD EN Signature Overnumber #239* Soraka PSA 10 Opens in a new window or tab,2999.99,bin,,2026-09-15,https://www.ebay.com/itm/377491813361
2026-09-27,377415173082,SFD-230 Teemo Strategist,2026 Riftbound League of Legends SFD EN Signature Overnumber #230* Teemo PSA 10 Opens in a new window or tab,3372.5,bin,,2026-09-14,https://www.ebay.com/itm/377415173082
2026-09-27,800502179800,SFD-239 Soraka Wanderer,2026 Riftbound League of Legends SFD EN Signature Overnumber #239* Soraka PSA 10 Opens in a new window or tab,2565.0,bin,,2026-09-14,https://www.ebay.com/itm/800502179800
2026-09-27,377415181055,SFD-237 Karma Channeler,2026 Riftbound League of Legends SFD EN Signature Overnumber #237* Karma PSA 10 Opens in a new window or tab,1235.0,bin,,2026-09-14,https://www.ebay.com/itm/377415181055
2026-09-27,407213794967,UNL-226 Jhin Virtuoso,2026 Riftbound Unleashed Jhin Virtuoso Signature #226 PSA 10 GEM MINT English Opens in a new window or tab,3018.62,bin,,2026-09-14,https://www.ebay.com/itm/407213794967
2026-09-27,278371856977,OGN-299 Kai'Sa Daughter of the Void,Riftbound League Kai'sa Daughter Of The Void 299* Signature Overnumber PSA 10 Opens in a new window or tab,12000.0,bin,,2026-09-15,https://www.ebay.com/itm/278371856977
2026-09-27,237066668412,SFD-230 Teemo Strategist,2026 Riftbound League of Legends SFD EN Signature Overnumber #230* Teemo PSA 10 Opens in a new window or tab,2500.0,bin,,2026-09-15,https://www.ebay.com/itm/237066668412
2026-09-27,237066669883,SFD-230 Teemo Strategist,Riftbound 2026 Teemo 230/221 Signature Overnumber Spiritforged GEM MINT PSA 10 Opens in a new window or tab,2500.0,bin,,2026-09-15,https://www.ebay.com/itm/237066669883
2026-09-27,407214578004,SFD-232 Sett Brawler,PSA 10 Riftbound Sett - Brawler Signature Overnumber 232*/221 Opens in a new window or tab,1400.0,bin,,2026-09-15,https://www.ebay.com/itm/407214578004
2026-09-27,278179250767,SFD-233 Yone Blademaster,2026 Riftbound Spiritforged SFD Yone #233* Signature Overnumber PSA 10 Opens in a new window or tab,2062.77,bin,,2026-08-31,https://www.ebay.com/itm/278179250767
2026-09-27,358924476679,SFD-236 Darius Executioner,RIFTBOUND: LEAGUE OF LEGENDS DARIUS 2026 SFD #236* SIGNATURE OVERNUMBER PSA 10 Opens in a new window or tab,1999.99,bin,,2026-09-23,https://www.ebay.com/itm/358924476679
2026-09-27,407215390672,OGN-307 Teemo Swift Scout,2025 Riftbound CS OGN-ORIGINS 307*/298 Teemo Signature Overnumber PSA 10 Opens in a new window or tab,1879.99,bin,,2026-09-23,https://www.ebay.com/itm/407215390672
2026-09-27,278278888606,SFD-230 Teemo Strategist,2026 Riftbound Spiritforged SFD Teemo #230* Signature Overnumber PSA 10 Opens in a new window or tab,3108.24,bin,,2026-09-23,https://www.ebay.com/itm/278278888606
2026-09-27,398393424523,OGN-306 Leona Radiant Dawn,2025 LEONA #306* SIGNATURE OVERNUMBER RIFTBOUND: LEAGUE OF LEGENDS PSA 10 Opens in a new window or tab,1093.98,bin,,2026-09-25,https://www.ebay.com/itm/398393424523
2026-09-27,398393424739,OGN-306 Leona Radiant Dawn,PSA 10 2025 LEONA #306* SIGNATURE OVERNUMBER RIFTBOUND: LEAGUE OF LEGENDS Opens in a new window or tab,1053.99,bin,,2026-09-25,https://www.ebay.com/itm/398393424739
2026-09-27,407216051043,SFD-237 Karma Channeler,RIFTBOUND: LEAGUE OF LEGENDS KARMA 2026 SFD #237 SIGNATURE OVERNUMBER PSA 10 Opens in a new window or tab,1202.09,bin,,2026-09-23,https://www.ebay.com/itm/407216051043
2026-09-27,267757302239,SFD-223 Vayne Hunter,2026 Riftbound SFD Vayne #223 Signature Overnumber PSA 10 Gem Mint Opens in a new window or tab,5500.0,bin,,2026-09-23,https://www.ebay.com/itm/267757302239
2026-09-27,198642310806,UNL-234 Diana Scorn of the Moon,2026 Riftbound: League Of Legends Unl-Unleashed En Diana Signature ON PSA 10 Opens in a new window or tab,4200.0,bin,,2026-09-23,https://www.ebay.com/itm/198642310806
2026-09-27,257743297245,SFD-224 Aphelios Exalted,2026 RIFTBOUND: SFD-SPIRITFORGED #224* APHELIOS SIGNATURE OVERNUMBER PSA 10 Opens in a new window or tab,1300.0,bin,,2026-09-23,https://www.ebay.com/itm/257743297245
2026-09-27,800512973648,SFD-225 Irelia Fervent,Riftbound Irelia PSA 10 Gem‑MT Signature Chinese Version Collectible TCG Card Opens in a new window or tab,2999.0,bin,,2026-09-23,https://www.ebay.com/itm/800512973648
2026-09-27,398398664752,OGN-299 Kai'Sa Daughter of the Void,2025 KAI'SA #299* SIGNATURE OVERNUMBER RIFTBOUND: LEAGUE OF LEGENDS PSA 10 Opens in a new window or tab,5229.98,bin,,2026-09-23,https://www.ebay.com/itm/398398664752
2026-09-27,398398666144,OGN-299 Kai'Sa Daughter of the Void,PSA 10 2025 KAI'SA #299* SIGNATURE OVERNUMBER RIFTBOUND: LEAGUE OF LEGENDS Opens in a new window or tab,5189.99,bin,,2026-09-23,https://www.ebay.com/itm/398398666144
2026-09-27,237070492910,OGN-303 Ahri Nine-Tailed Fox,2025 Riftbound OGN-origins 303*/298 Ahri Signature Overnumber PSA 10 Opens in a new window or tab,10069.99,bin,,2026-09-23,https://www.ebay.com/itm/237070492910
2026-09-27,278380088831,OGN-303 Ahri Nine-Tailed Fox,PSA 10 Ahri - Nine-tailed Fox 303* Signature Overnumber Riftbound Origins Opens in a new window or tab,17086.5,bin,,2026-09-23,https://www.ebay.com/itm/278380088831
2026-09-27,318738804977,OGN-310 Sett The Boss,PSA 10 Riftbound:LOL Sett OGN·310*/298 Signature OB Chinese 2025 Gem Mint Opens in a new window or tab,3119.19,bin,,2026-09-23,https://www.ebay.com/itm/318738804977
2026-09-27,318738848433,OGN-309 Miss Fortune Bounty Hunter,PSA 10 Riftbound:LOL Miss Fortune OGN·309*/298 Signature OB Chinese 2025 Gem MT Opens in a new window or tab,3699.69,bin,,2026-09-23,https://www.ebay.com/itm/318738848433
2026-09-27,318738867398,OGN-308 Viktor Herald of the Arcane,PSA 10 Riftbound:LOL Viktor OGN·308*/298 Signature OB Chinese 2025 Gem Mint Opens in a new window or tab,2119.19,bin,,2026-09-23,https://www.ebay.com/itm/318738867398
2026-09-27,318738982808,OGN-307 Teemo Swift Scout,PSA 10 Riftbound:LOL Teemo OGN·307*/298 Signature OB Chinese 2025 Gem Mint Opens in a new window or tab,2599.59,bin,,2026-09-27,https://www.ebay.com/itm/318738982808
2026-09-27,318739117807,OGN-306 Leona Radiant Dawn,PSA 10 Riftbound:LOL Leona OGN·306*/298 Signature OB Chinese 2025 Gem Mint Opens in a new window or tab,1779.79,bin,,2026-09-27,https://www.ebay.com/itm/318739117807
2026-09-27,287590281249,UNL-232 Vex Gloomist,Riftbound League Of Legends Vex Gloomist 232* Signature Overnumber PSA 10 Opens in a new window or tab,2000.0,bin,,2026-09-27,https://www.ebay.com/itm/287590281249
